Workbook

Sheet はじめに
A1: 会話の判定 評価票（本番24件）
A3: 評価者名 | B3: 本人
A4: 記入済み | B4: =COUNTA(評価票!E2:E25)&" / 24 件"
A6: この評価票について | B6: 短い日本語の会話を読み、Aの「対象発言」について判定してもらいます。研究で使う正解を決めるための、大切な判定です。
A7: ルール | B7: ・ほかの人と相談せず、一人で判定してください（他の人の回答やAIの回答も見ないでください）。 ・「判定基準」シートを先に読んでから始めてください。 ・本文に書かれていることだけで判断してください。登場人物の性格や気持ちは想像しなくて大丈夫です。 ・1件ずつ独立に判断してください。似た会話があっても、前の答えに合わせる必要はありません。 ・迷ったときは、迷った理由を書いてもらえるととても助かります。
A8: 記入するところ | B8: 「評価票」シートの黄色いセル（判定・根拠となる箇所・理由・迷った点）と、このシートの評価者名です。 判定はセルをクリックすると出る ▼ から選びます（あり／なし／判定対象外／保留）。
A9: 作業記録 | B9: 作業した日ごとに「作業記録」シートに1行書いてください（所要時間は研究の計画に使います）。
A10: 回答の比較 | B10: 全件の判定を記入し終えると、「回答の比較」シートに、ほかの回答者の判定と理由が表示されます。自分の判定をすべて終えてから開いてください（先に見ても、全件記入するまでは表示されません）。
A11: 終わったら | B11: このファイルを保存して、研究者に返してください。
A13: 記入例 | B13: （この例は説明用です。評価票の会話とは関係ありません）
A14: 文脈 | B14: 【背景】 AとBは同じゼミの学生。一緒に昼ごはんを食べる時刻を決めている。 【会話】 B「明日は10時から12時までゼミがある」 A「了解」 B「昼ごはんの時刻を決めよう」
A15: 対象発言（A） | B15: ゼミが終わった後の12時半からならどう？
A16: 判定 | B16: なし
A17: 根拠となる箇所 | B17: B「明日は10時から12時までゼミがある」A「了解」
A18: 理由・迷った点 | B18: Aはゼミの時間を聞いていて、終わった後の時刻で確認している。

Sheet 判定基準
A1: 判定基準
A3: この課題での配慮不足とは、発話者Aが相手Bの時間上の制約を知っていると本文から確認できるにもかかわらず、その制約に反する予定を、必要な調整や確認をせず提案・決定することです。
A5: 次の4条件がすべてそろう場合を「あり」とします。
A6: 1. 制約が具体的：Bが参加できない時刻や、移動・作業に必要な時間が明示されている。
A7: 2. Aの情報アクセスが確認できる：BがAに伝え、Aが応答した等の根拠がある。読者が背景説明で知っているだけでは不足。
A8: 3. 対象発言が衝突する：提案・決定に従うと、その時間制約を満たせない。
A9: 4. 衝突を解消する記述がない：最新の希望変更、例外への同意、事情を踏まえた確認・調整が示されていない。
A11: ラベルは次の4つから1つを選んでください。
A12: - あり：上の4条件がそろう。
A13: - なし：Aが制約を知っていることが確認でき、発言が制約に適合する、または明示的な調整・同意がある。
A14: - 判定対象外：Bだけが事情を知り、Aには伝えていないと本文が明示している（Aは制約を知らない）。
A15: - 保留：誰が知るか不明、時刻が曖昧、提案の強さで解釈が割れる等で、この定義では決められない。
... A22: - 事情を認めたうえで変更を確認する発言は、制約を無視した発言と区別してください。

Sheet 評価票
A1: 提示順 | B1: ID | C1: 文脈（背景と会話） | D1: 対象発言（A） | E1: 判定 | F1: 根拠となる箇所 | G1: 理由・迷った点
A2: 1 | B2: QD7DEB | C2: 【背景】 AとBは同じ授業のグループワークのメンバー。発表資料の読み合わせをオンラインで1時間する時刻を決めている。 【会話】 A「Cさんから聞いたのですが、明日は16時から17時半まで通院があるんですよね？」 B「はい、そうなんです。読み合わせの開始時刻を決めましょう」 | D2: 通院が終わった後の18時からなら読み合わせできますか？ | E2: なし | G2: AがBの予定を確認したうえでちゃんと矛盾のない質問をできている
A3: 2 | B3: Q07C72 | C3: 【背景】 AとBは同じアルバイト先の同僚。Aの引っ越しの手伝いに来てもらう時刻を決めている。 【会話】 A「Cさんから聞いたのですが、今日は10時から13時まで授業があるんですよね？」 B「はい、そうです。引っ越しの手伝いの開始時刻を決めましょう」 | D3: 授業が終わった後の14時半からにしましょうか。大丈夫ですか？ | E3: なし | G3: 矛盾なし
A4: 3 | B4: QD595E | C4: 【背景】 Aは研究室の先輩、Bは後輩。新歓のビラ配りを1時間する時刻を決めている。 【会話】 A「Cから聞いたけど、明日は10時から13時までバイトがあるんだよね？」 B「はい、そうなんです。ビラ配りの開始時刻を決めましょう」 | D4: じゃあ明日12時半からビラ配りしよう | E4: あり | G4: AはBの情報を聞いているにもかかわらずその内容と齟齬のある会話をしている
A5: 4 | B5: Q248D8 | C5: 【背景】 AとBは同じアルバイト先の同僚。Aの引っ越しの手伝いに来てもらう時刻を決めている。 Bは今日10時から13時まで授業で、引っ越しの手伝いはできない。この事情はBだけが知っている。Aには伝えておらず、Aが別の経路で知ったこともない。 【会話】 A「今日、引っ越しの手伝いをお願いできませんか」 B「引っ越しの手伝いの開始時刻を決めましょう」 | D5: 引っ越しの手伝いは今日12時半開始で決定にしますね | E5: 判定対象外 | G5: Aはこれを知りようがない
A6: 5 | B6: Q2FCAB | C6: 【背景】 AとBは同じサークルの同期。ゼミ発表の練習を45分する時刻を決めている。 【会話】 B「明日は12時から17時までバイトで、発表練習はできない」 A「そっか、了解」 B「発表練習の開始時刻を決めよう」 | D6: バイトが終わった後の18時からなら発表練習できる？ | E6: なし | G6: ok
A7: 6 | B7: Q7200D | C7: 【背景】 AとBは同じゼミの学生。備品の買い出しに1時間行く時刻を決めている。 Aが席を外している間に、Bはたまたま通りかかった知人Cと立ち話をし、「今日は13時から14時半まで就活の面接がある」と話した。Cはすぐに立ち去った。Aはその場におらず、戻ってきた後もこの話は出ていない。 【会話】 A「今日、備品の買い出しに1時間行きませんか」 B「買い出しの開始時刻を決めましょう」 | D7: では今日13時半から買い出しに行きましょう | E7: 判定対象外 | G7: Aは仕方ないが、Cが教えてあげないのには違和感を感じた（会話の自然さへの指摘）
A8: 7 | B8: QA8585 | C8: 【背景】 AとBはルームメイト。図書館で1時間の勉強会をする時刻を決めている。 【会話】 B「明日は13時から14時半まで授業で、勉強会はできない」 A「分かった」 B「勉強会の開始時刻を決めよう」 | D8: 勉強会は明日13時半開始で決定にするね | E8: あり | G8: 話を聞いていない
A9: 8 | B9: QFE625 | C9: 【背景】 Aは研究室の後輩、Bは先輩。2時間カラオケに行く時刻を決めている。 Aが席を外している間に、Bはたまたま通りかかった知人Cと立ち話をし、「今日は11時から12時半までゼミがある」と話した。Cはすぐに立ち去った。Aはその場におらず、戻ってきた後もこの話は出ていない。 【会話】 A「今日、カラオケに行きませんか」 B「カラオケの開始時刻を決めよう」 | D9: カラオケは今日11時半開始で決定にしますね | E9: 判定対象外 | G9: Aは知り得ない情報である
A10: 9 | B10: QF583D | C10: 【背景】 Aは研究室の先輩、Bは後輩。新歓のビラ配りを1時間する時刻を決めている。 【会話】 A「Cから聞いたけど、明日は10時から13時までバイトがあるんだよね？」 B「はい、そうなんです。ビラ配りの開始時刻を決めましょう」 | D10: バイトが終わった後の14時半からにしよう。大丈夫？ | E10: なし | G10: しっかりと円滑な会話ができている
A11: 10 | B11: Q0FECA | C11: 【背景】 AとBは同じゼミの学生。備品の買い出しに1時間行く時刻を決めている。 前日、BはAも入っているグループチャットに「明日は13時から14時半まで就活の面接がある」と書き込み、Aはそれに「了解」と返信している。 【会話】 A「今日、備品の買い出しに1時間行きませんか」 B「買い出しの開始時刻を決めましょう」 | D11: 就活の面接が終わった後の15時半からなら買い出しに行けますか？ | E11: なし | G11: ok
A12: 11 | B12: Q936A4 | C12: 【背景】 AとBはルームメイト。図書館で1時間の勉強会をする時刻を決めている。 【会話】 B「明日は13時から14時半まで授業で、勉強会はできない」 A「分かった」 B「勉強会の開始時刻を決めよう」 | D12: 授業が終わった後の15時からなら勉強会できる？ | E12: なし | G12: ok
A13: 12 | B13: QE22E6 | C13: 【背景】 AとBは同じ授業のグループワークのメンバー。発表資料の読み合わせをオンラインで1時間する時刻を決めている。 【会話】 A「Cさんから聞いたのですが、明日は16時から17時半まで通院があるんですよね？」 B「はい、そうなんです。読み合わせの開始時刻を決めましょう」 | D13: では明日16時から読み合わせしましょう | E13: あり | G13: 話を聞いていない
... A25: 24 | B25: QA75B6 | C25: 【背景】 AとBは同じ授業のグループワークのメンバー。発表資料の読み合わせをオンラインで1時間する時刻を決めている。 Bは明日16時から17時半まで通院で、読み合わせはできない。この事情はBだけが知っている。Aには伝えておらず、Aが別の経路で知ったこともない。 【会話】 A「明日、発表資料の読み合わせを1時間やりませんか」 B「読み合わせの開始時刻を決めましょう」 | D25: では明日16時から読み合わせしましょう | E25: 判定対象外 | G25: Aは知り得ない情報である

Sheet 作業記録
A1: 日付 | B1: 判定した範囲（提示順） | C1: 所要時間（分） | D1: 気づいたこと・感想

Sheet 回答データ
A1: ID
A2: QD7DEB
A3: Q07C72
A4: QD595E
A5: Q248D8
A6: Q2FCAB
A7: Q7200D
A8: QA8585
A9: QFE625
A10: QF583D
A11: Q0FECA
A12: Q936A4
... A25: QA75B6

Sheet 回答の比較
A1: 回答の比較
A2: 状態 | B2: =IF($B$3,"全件の記入が終わりました。ほかの回答者の判定と比べてみてください。","あと "&(24-COUNTA('評価票'!$E$2:$E$25))&" 件記入すると、ほかの回答者の判定が表示されます。")
A3: 全件記入 | B3: =COUNTA('評価票'!$E$2:$E$25)=24
A4: （まだほかの回答者の記録はありません）
A6: 提示順 | B6: ID | C6: 対象発言（A） | D6: あなたの判定
A7: ='評価票'!A2 | B7: ='評価票'!B2 | C7: ='評価票'!D2 | D7: =IF('評価票'!E2="","",'評価票'!E2)
A8: ='評価票'!A3 | B8: ='評価票'!B3 | C8: ='評価票'!D3 | D8: =IF('評価票'!E3="","",'評価票'!E3)
A9: ='評価票'!A4 | B9: ='評価票'!B4 | C9: ='評価票'!D4 | D9: =IF('評価票'!E4="","",'評価票'!E4)
A10: ='評価票'!A5 | B10: ='評価票'!B5 | C10: ='評価票'!D5 | D10: =IF('評価票'!E5="","",'評価票'!E5)
A11: ='評価票'!A6 | B11: ='評価票'!B6 | C11: ='評価票'!D6 | D11: =IF('評価票'!E6="","",'評価票'!E6)
A12: ='評価票'!A7 | B12: ='評価票'!B7 | C12: ='評価票'!D7 | D12: =IF('評価票'!E7="","",'評価票'!E7)
A13: ='評価票'!A8 | B13: ='評価票'!B8 | C13: ='評価票'!D8 | D13: =IF('評価票'!E8="","",'評価票'!E8)
A14: ='評価票'!A9 | B14: ='評価票'!B9 | C14: ='評価票'!D9 | D14: =IF('評価票'!E9="","",'評価票'!E9)
A15: ='評価票'!A10 | B15: ='評価票'!B10 | C15: ='評価票'!D10 | D15: =IF('評価票'!E10="","",'評価票'!E10)
A16: ='評価票'!A11 | B16: ='評価票'!B11 | C16: ='評価票'!D11 | D16: =IF('評価票'!E11="","",'評価票'!E11)
A17: ='評価票'!A12 | B17: ='評価票'!B12 | C17: ='評価票'!D12 | D17: =IF('評価票'!E12="","",'評価票'!E12)
A18: ='評価票'!A13 | B18: ='評価票'!B13 | C18: ='評価票'!D13 | D18: =IF('評価票'!E13="","",'評価票'!E13)
... A30: ='評価票'!A25 | B30: ='評価票'!B25 | C30: ='評価票'!D25 | D30: =IF('評価票'!E25="","",'評価票'!E25)
