Workbook

Sheet はじめに
A1: 会話の判定 評価票
A3: 評価者名
A4: 記入済み | B4: =COUNTA(評価票!E2:E7)&" / 6 件"
A6: この評価票について | B6: 短い日本語の会話を読み、Aの「対象発言」について判定してもらいます。研究で使う正解を決めるための、大切な判定です。
A7: ルール | B7: ・ほかの人と相談せず、一人で判定してください（他の人の回答やAIの回答も見ないでください）。 ・「判定基準」シートを先に読んでから始めてください。 ・本文に書かれていることだけで判断してください。登場人物の性格や気持ちは想像しなくて大丈夫です。 ・1件ずつ独立に判断してください。似た会話があっても、前の答えに合わせる必要はありません。 ・迷ったときは、迷った理由を書いてもらえるととても助かります。
A8: 記入するところ | B8: 「評価票」シートの黄色いセル（判定・根拠となる箇所・理由・迷った点）と、このシートの評価者名です。 判定はセルをクリックすると出る ▼ から選びます（あり／なし／判定対象外／保留）。
A9: 作業記録 | B9: 作業した日ごとに「作業記録」シートに1行書いてください（所要時間は研究の計画に使います）。
A10: 回答の比較 | B10: 全件の判定を記入し終えると、「回答の比較」シートに、ほかの回答者の判定と理由が表示されます。自分の判定をすべて終えてから開いてください（先に見ても、全件記入するまでは表示されません）。
A11: 終わったら | B11: このファイルを保存して、研究者に返してください。
A13: 記入例 | B13: （この例は説明用です。評価票の会話とは関係ありません）
A14: 文脈 | B14: 【背景】 AとBは同じゼミの学生。一緒に昼ごはんを食べる時刻を決めている。 【会話】 B「明日は10時から12時までゼミがある」 A「了解」 B「昼ごはんの時刻を決めよう」
A15: 対象発言（A） | B15: ゼミが終わった後の12時半からならどう？
A16: 判定 | B16: なし
A17: 根拠となる箇所 | B17: B「明日は10時から12時までゼミがある」A「了解」
A18: 理由・迷った点 | B18: Aはゼミの時間を聞いていて、終わった後の時刻で確認している。

Sheet 判定基準
A1: 判定基準
A3: この課題での配慮不足とは、発話者Aが相手Bの時間上の制約を知っていると本文から確認できるにもかかわらず、その制約に反する予定を、必要な調整や確認をせず提案・決定することです。
A5: 次の4条件がすべてそろう場合を「あり」とします。
A6: 1. 制約が具体的：Bが参加できない時刻や、移動・作業に必要な時間が明示されている。
A7: 2. Aの情報アクセスが確認できる：BがAに伝え、Aが応答した等の根拠がある。読者が背景説明で知っているだけでは不足。
A8: 3. 対象発言が衝突する：提案・決定に従うと、その時間制約を満たせない。
A9: 4. 衝突を解消する記述がない：最新の希望変更、例外への同意、事情を踏まえた確認・調整が示されていない。
A11: ラベルは次の4つから1つを選んでください。
A12: - あり：上の4条件がそろう。
A13: - なし：Aが制約を知っていることが確認でき、発言が制約に適合する、または明示的な調整・同意がある。
A14: - 判定対象外：Bだけが事情を知り、Aには伝えていないと本文が明示している（Aは制約を知らない）。
A15: - 保留：誰が知るか不明、時刻が曖昧、提案の強さで解釈が割れる等で、この定義では決められない。
... A22: - 事情を認めたうえで変更を確認する発言は、制約を無視した発言と区別してください。

Sheet 評価票
A1: 提示順 | B1: ID | C1: 文脈（背景と会話） | D1: 対象発言（A） | E1: 判定 | F1: 根拠となる箇所 | G1: 理由・迷った点
A2: 1 | B2: Q22DD5 | C2: 【背景】 Bは今日18時から22時までバイトで通話できない。この事情はBだけが知っている。Aには伝えておらず、Aが別経路で知ったこともない。 【会話】 A「明日の課題について、今日30分通話しよう」 B「通話の開始時刻を決めよう」 | D2: 通話は今日20時開始で決定にするね
A3: 2 | B3: Q85ACB | C3: 【背景】 同じ研究室のAとBは、大学内で30分間の打合せをする時刻を決めている。 【会話】 B「今日は13時から14時半まで授業で、打合せには参加できない」 A「了解」 B「打合せの開始時刻を決めよう」 | D3: 打合せは今日13時半開始で決定にするね
A4: 3 | B4: Q9D70C | C4: 【背景】 AとBは友人で、明日の課題について30分通話する予定を決める。 【会話】 B「今日は18時から22時までバイトで、通話できない」 A「分かった」 B「通話の開始時刻を決めよう」 | D4: バイトが終わった後の22時半からなら通話できる？
A5: 4 | B5: QD9788 | C5: 【背景】 同じ研究室のAとBは、大学内で30分間の打合せをする時刻を決めている。 【会話】 B「今日は13時から14時半まで授業で、打合せには参加できない」 A「了解」 B「打合せの開始時刻を決めよう」 | D5: 授業が終わった後の15時からなら打合せできる？
A6: 5 | B6: QB3345 | C6: 【背景】 AとBは友人で、明日の課題について30分通話する予定を決める。 【会話】 B「今日は18時から22時までバイトで、通話できない」 A「分かった」 B「通話の開始時刻を決めよう」 | D6: 通話は今日20時開始で決定にするね
A7: 6 | B7: QC6DCB | C7: 【背景】 Bは今日13時から14時半まで授業で打合せに参加できない。この事情はBだけが知っている。Aには伝えておらず、Aが別経路で知ったこともない。 【会話】 A「大学で今日30分間打合せしよう」 B「打合せの開始時刻を決めよう」 | D7: 打合せは今日13時半開始で決定にするね

Sheet 作業記録
A1: 日付 | B1: 判定した範囲（提示順） | C1: 所要時間（分） | D1: 気づいたこと・感想

Sheet 回答データ
A1: ID | B1: 本人の判定 | C1: 本人の理由
A2: Q22DD5 | B2: 判定対象外 | C2: Aは知らないから／それでも夜の相手の事情を何も聞かずに決めようとするのは思慮が浅いと感じた
A3: Q85ACB | B3: あり | C3: AはBの事情を知っている／事情を知っているにもかかわらず、予定のある時間にブッキングさせてきているから
A4: Q9D70C | B4: なし | C4: 相手の情報を正しく理解し、文脈に合った質問をBに対して打診できている
A5: QD9788 | B5: なし | C5: Bの話に対して矛盾を生まない時間帯で打ち合わせ時刻の質問ができている
A6: QB3345 | B6: あり | C6: 直前の会話でBは20時に予定が入っているのをAは聞いている
A7: QC6DCB | B7: 判定対象外 | C7: Bに予定がある事をAは知らない／だが、日中の予定を何も確認しないのもいかがなものかと感じる

Sheet 回答の比較
A1: 回答の比較
A2: 状態 | B2: =IF($B$3,"全件の記入が終わりました。ほかの回答者の判定と比べてみてください。","あと "&(6-COUNTA('評価票'!$E$2:$E$7))&" 件記入すると、ほかの回答者の判定が表示されます。")
A3: 全件記入 | B3: =COUNTA('評価票'!$E$2:$E$7)=6
A6: 提示順 | B6: ID | C6: 対象発言（A） | D6: あなたの判定 | E6: 本人の判定 | F6: 一致 | G6: 本人の理由
A7: ='評価票'!A2 | B7: ='評価票'!B2 | C7: ='評価票'!D2 | D7: =IF('評価票'!E2="","",'評価票'!E2) | E7: =IF($B$3,INDEX('回答データ'!$A$2:$B$7,MATCH($B7,'回答データ'!$A$2:$A$7,0),2),"（全件記入後に表示）") | F7: =IF($B$3,IF($D7=E7,"○","×"),"") | G7: =IF($B$3,INDEX('回答データ'!$A$2:$C$7,MATCH($B7,'回答データ'!$A$2:$A$7,0),3),"")
A8: ='評価票'!A3 | B8: ='評価票'!B3 | C8: ='評価票'!D3 | D8: =IF('評価票'!E3="","",'評価票'!E3) | E8: =IF($B$3,INDEX('回答データ'!$A$2:$B$7,MATCH($B8,'回答データ'!$A$2:$A$7,0),2),"（全件記入後に表示）") | F8: =IF($B$3,IF($D8=E8,"○","×"),"") | G8: =IF($B$3,INDEX('回答データ'!$A$2:$C$7,MATCH($B8,'回答データ'!$A$2:$A$7,0),3),"")
A9: ='評価票'!A4 | B9: ='評価票'!B4 | C9: ='評価票'!D4 | D9: =IF('評価票'!E4="","",'評価票'!E4) | E9: =IF($B$3,INDEX('回答データ'!$A$2:$B$7,MATCH($B9,'回答データ'!$A$2:$A$7,0),2),"（全件記入後に表示）") | F9: =IF($B$3,IF($D9=E9,"○","×"),"") | G9: =IF($B$3,INDEX('回答データ'!$A$2:$C$7,MATCH($B9,'回答データ'!$A$2:$A$7,0),3),"")
A10: ='評価票'!A5 | B10: ='評価票'!B5 | C10: ='評価票'!D5 | D10: =IF('評価票'!E5="","",'評価票'!E5) | E10: =IF($B$3,INDEX('回答データ'!$A$2:$B$7,MATCH($B10,'回答データ'!$A$2:$A$7,0),2),"（全件記入後に表示）") | F10: =IF($B$3,IF($D10=E10,"○","×"),"") | G10: =IF($B$3,INDEX('回答データ'!$A$2:$C$7,MATCH($B10,'回答データ'!$A$2:$A$7,0),3),"")
A11: ='評価票'!A6 | B11: ='評価票'!B6 | C11: ='評価票'!D6 | D11: =IF('評価票'!E6="","",'評価票'!E6) | E11: =IF($B$3,INDEX('回答データ'!$A$2:$B$7,MATCH($B11,'回答データ'!$A$2:$A$7,0),2),"（全件記入後に表示）") | F11: =IF($B$3,IF($D11=E11,"○","×"),"") | G11: =IF($B$3,INDEX('回答データ'!$A$2:$C$7,MATCH($B11,'回答データ'!$A$2:$A$7,0),3),"")
A12: ='評価票'!A7 | B12: ='評価票'!B7 | C12: ='評価票'!D7 | D12: =IF('評価票'!E7="","",'評価票'!E7) | E12: =IF($B$3,INDEX('回答データ'!$A$2:$B$7,MATCH($B12,'回答データ'!$A$2:$A$7,0),2),"（全件記入後に表示）") | F12: =IF($B$3,IF($D12=E12,"○","×"),"") | G12: =IF($B$3,INDEX('回答データ'!$A$2:$C$7,MATCH($B12,'回答データ'!$A$2:$A$7,0),3),"")
C14: 本人との一致率 | D14: =IF($B$3,SUMPRODUCT(--($D$7:$D$12=E$7:E$12))/6,"")
